{
  "ffa-app/IOs.py": 1776137893.1154077,
  "ffa-app/TLB_MODBUS.py": 1774838117.11385,
  "ffa-app/config.py": 1762388538.2227852,
  "ffa-app/logger.py": 1765238741.7477784,
  "ffa-app/IO_map.py": 1737679662.84224,
  "ffa-app/imageProcess.py": 1776824560.1383789,
  "ffa-app/TLB_MODBUS_dev.py": 1765238741.7912035,
  "ffa-app/hardware.py": 1774838117.1139736,
  "ffa-app/app.py": 1774840723.3345456,
  "ffa-app/log_constants.py": 1765238741.8852048,
  "ffa-app/sockets.py": 1776824578.8291175,
  "ffa-app/main.py": 1776138022.7283936,
  "ffa-app/IOs_dev.py": 1764611263.445472,
  "ffa-app/routes.py": 1774840723.3345647,
  "ffa-app/tools/logging/monitor_logs.py": 1776822846.0423288,
  "ffa-app/tools/logging/view_logs.py": 1776822846.0427237,
  "ffa-app/tools/logging/logging_examples.py": 1776822846.041881,
  "ffa-app/tests/test_logging.py": 1776822846.0445137,
  "ffa-app/tests/_bootstrap.py": 1776822846.0430498,
  "ffa-app/tests/test_log_validation.py": 1776822846.0440512,
  "ffa-app/tests/test_tlb_modbus_dev.py": 1776822846.044915,
  "ffa-app/tests/test_dev_mode.py": 1776822846.0433187,
  "ffa-app/tests/test_weight_stability.py": 1776822846.045751,
  "ffa-app/tests/test_ios_dev.py": 1776822846.0436945,
  "ffa-app/services/__init__.py": 1773706703.981697,
  "ffa-app/services/config_service.py": 1774838117.1219237,
  "ffa-server/index.js": 1774838117.1137195,
  "ffa-server/config.js": 1737679662.902104,
  "ffa-server/services/extraImages.js": 1737679662.915012,
  "ffa-server/services/db.js": 1737679662.915242,
  "ffa-server/services/muestras.js": 1774838117.113705,
  "ffa-server/services/tensionTest.js": 1737679662.915613,
  "ffa-server/services/lots.js": 1773310120.4629598,
  "user-interface/babel.config.js": 1683066604.3393843,
  "user-interface/vue.config.js": 1683243498.8965344,
  "user-interface/src/App.vue": 1761783834.8806942,
  "user-interface/src/main.js": 1685128749.0316663,
  "user-interface/src/config/index.js": 1773372448.5758169,
  "user-interface/src/plugins/webfontloader.js": 1683243498.8945243,
  "user-interface/src/plugins/vuetify.js": 1683243498.8946154,
  "user-interface/src/components/BrokenBellyList.vue": 1737417062.4325497,
  "user-interface/src/components/MovingLine.vue": 1711583292.0684795,
  "user-interface/src/components/lotList.vue": 1773372359.1400707,
  "user-interface/src/components/requestModal.vue": 1686684300.6240532,
  "user-interface/src/components/calibrateScale.vue": 1773374469.5736024,
  "user-interface/src/components/addLot.vue": 1773384741.885137,
  "user-interface/src/components/selectLot.vue": 1761347069.2583537,
  "user-interface/src/components/commandList.vue": 1761349984.4030209,
  "user-interface/src/components/SaveDialog.vue": 1773385767.678522,
  "user-interface/src/components/previewExtraImage.vue": 1732521593.0071964,
  "user-interface/src/components/TwoPointSquare.vue": 1711583329.2238927,
  "user-interface/src/components/pushNotification.vue": 1702628651.660351,
  "user-interface/src/components/lineChart.vue": 1690403515.487927,
  "user-interface/src/components/GutsWeightDialog.vue": 1773385767.6785839,
  "user-interface/src/views/ExportLot.vue": 1773372313.4638262,
  "user-interface/src/views/FishParameters.vue": 1764359240.8897817,
  "user-interface/src/views/ConfigWrapper.vue": 1685987888.512916,
  "user-interface/src/views/Configuration.vue": 1761784110.3884623,
  "user-interface/src/views/LotImages.vue": 1732522636.5306497,
  "user-interface/src/views/LoadCell.vue": 1686332495.349919,
  "user-interface/src/views/LotInfo.vue": 1761784664.533328,
  "user-interface/src/views/SelectLot.vue": 1761695925.4440656,
  "user-interface/src/views/HomeView.vue": 1773386597.2589643,
  "user-interface/src/views/ZOICalib.vue": 1757494762.6547015,
  "user-interface/src/views/History.vue": 1773310120.4630044,
  "user-interface/src/views/LengthCalib.vue": 1764359111.531484,
  "user-interface/src/views/Muestra.vue": 1761695924.857618,
  "user-interface/src/views/BrokenBellyTest.vue": 1763174569.9711251,
  "user-interface/src/views/Log.vue": 1776656447.8576305,
  "user-interface/src/store/index.js": 1712017671.7135775,
  "user-interface/src/router/index.js": 1773386542.8726614,
  "DOCKER_MODES.md": 1776735388.1153393,
  "README.md": 1776735387.9519331,
  "WEIGHT_STABILITY_UPDATE.txt": 1765238741.8488333,
  "SETUP_COMPLETE.txt": 1764611263.597618,
  "ffa-app/requirements.txt": 1774841278.4362528,
  "ffa-app/README.md": 1776825157.4922261,
  "ffa-app/docs/FLASH_CAPTURE_TUNING.md": 1776825214.003536,
  "ffa-app/docs/performance/OPTIMIZATIONS.md": 1765239653.7535021,
  "ffa-app/docs/logging/IMPLEMENTATION.md": 1776822846.0389235,
  "ffa-app/docs/logging/IMPLEMENTATION_SUMMARY.md": 1776822846.0394883,
  "ffa-app/docs/logging/QUICKSTART.md": 1776822846.0398614,
  "ffa-app/docs/logging/README.md": 1776822846.040267,
  "ffa-app/docs/logging/SUMMARY.txt": 1776822846.0413845,
  "ffa-app/docs/logging/STANDARD.md": 1776822846.040838,
  "ffa-server/README.md": 1776735387.9932268,
  "user-interface/README.md": 1776735388.076987,
  "user-interface/public/index.html": 1683243498.896346,
  "user-interface/src/assets/logo.png": 1683066604.3400586,
  "user-interface/src/assets/logo.svg": 1683243498.8947806
}